year,breakpoint_probability
-221,0.0
-220,0.0
-219,0.0
-218,0.0
-217,0.0
-216,0.0
-215,0.0
-214,0.0
-213,0.0
-212,0.0
-211,0.0
-210,0.0
-209,0.0
-208,0.0
-207,0.0
-206,0.0
-205,0.0
-204,0.0
-203,0.0
-202,0.0
-201,0.0
-200,0.0
-199,0.0
-198,0.0
-197,0.0
-196,0.0
-195,0.0
-194,0.0
-193,0.0
-192,0.0
-191,0.0
-190,0.0
-189,0.0
-188,0.0
-187,0.0
-186,0.0
-185,0.0
-184,0.0
-183,0.0
-182,0.0
-181,0.0
-180,0.0
-179,0.0
-178,0.0
-177,0.0
-176,0.0
-175,0.0
-174,0.0
-173,0.0
-172,0.0
-171,0.0
-170,0.0
-169,0.0
-168,0.0
-167,0.0
-166,0.0
-165,0.0
-164,0.0
-163,0.0
-162,0.0
-161,0.0
-160,0.0
-159,0.0
-158,0.0
-157,0.0
-156,0.0
-155,0.0
-154,0.0
-153,0.0
-152,0.0
-151,0.0
-150,0.0
-149,0.0
-148,0.0
-147,0.0
-146,0.0
-145,0.0
-144,0.0
-143,0.0
-142,0.0
-141,0.0
-140,0.0
-139,0.0
-138,0.0
-137,0.0
-136,0.0
-135,0.0
-134,0.0
-133,0.0
-132,0.0
-131,0.0
-130,0.0
-129,0.0
-128,0.0
-127,0.34782608695652173
-126,0.34782608695652173
-125,0.34782608695652173
-124,0.34782608695652173
-123,0.34782608695652173
-122,0.34782608695652173
-121,0.34782608695652173
-120,0.34782608695652173
-119,0.34782608695652173
-118,0.34782608695652173
-117,0.40096618357487923
-116,0.40096618357487923
-115,0.40096618357487923
-114,0.40096618357487923
-113,0.40096618357487923
-112,0.40096618357487923
-111,0.40096618357487923
-110,0.40096618357487923
-109,0.40096618357487923
-108,0.40096618357487923
-107,0.40096618357487923
-106,0.40096618357487923
-105,0.40096618357487923
-104,0.40096618357487923
-103,0.40096618357487923
-102,0.40096618357487923
-101,0.40096618357487923
-100,0.40096618357487923
-99,0.40096618357487923
-98,0.40096618357487923
-97,0.40096618357487923
-96,0.05314009661835749
-95,0.05314009661835749
-94,0.05314009661835749
-93,0.05314009661835749
-92,0.05314009661835749
-91,0.05314009661835749
-90,0.05314009661835749
-89,0.05314009661835749
-88,0.05314009661835749
-87,0.07246376811594203
-86,0.01932367149758454
-85,0.01932367149758454
-84,0.01932367149758454
-83,0.01932367149758454
-82,0.01932367149758454
-81,0.01932367149758454
-80,0.01932367149758454
-79,0.01932367149758454
-78,0.01932367149758454
-77,0.01932367149758454
-76,0.01932367149758454
-75,0.01932367149758454
-74,0.01932367149758454
-73,0.01932367149758454
-72,0.01932367149758454
-71,0.01932367149758454
-70,0.01932367149758454
-69,0.01932367149758454
-68,0.01932367149758454
-67,0.01932367149758454
-66,0.01932367149758454
-65,0.01932367149758454
-64,0.01932367149758454
-63,0.01932367149758454
-62,0.01932367149758454
-61,0.01932367149758454
-60,0.01932367149758454
-59,0.01932367149758454
-58,0.01932367149758454
-57,0.01932367149758454
-56,0.0
-55,0.0
-54,0.0
-53,0.0
-52,0.0
-51,0.0
-50,0.0
-49,0.0
-48,0.0
-47,0.0
-46,0.0
-45,0.0
-44,0.0
-43,0.0
-42,0.0
-41,0.0
-40,0.0
-39,0.0
-38,0.0
-37,0.006038647342995169
-36,0.006038647342995169
-35,0.006038647342995169
-34,0.006038647342995169
-33,0.006038647342995169
-32,0.006038647342995169
-31,0.006038647342995169
-30,0.006038647342995169
-29,0.006038647342995169
-28,0.006038647342995169
-27,0.006038647342995169
-26,0.006038647342995169
-25,0.006038647342995169
-24,0.006038647342995169
-23,0.006038647342995169
-22,0.006038647342995169
-21,0.006038647342995169
-20,0.006038647342995169
-19,0.006038647342995169
-18,0.006038647342995169
-17,0.006038647342995169
-16,0.006038647342995169
-15,0.006038647342995169
-14,0.006038647342995169
-13,0.006038647342995169
-12,0.006038647342995169
-11,0.006038647342995169
-10,0.006038647342995169
-9,0.006038647342995169
-8,0.006038647342995169
-7,0.006038647342995169
-6,0.0
-5,0.0
-4,0.0
-3,0.0
-2,0.0
-1,0.0
0,0.0
1,0.0
2,0.0
3,0.0024154589371980675
4,0.0024154589371980675
5,0.0024154589371980675
6,0.0024154589371980675
7,0.0024154589371980675
8,0.0024154589371980675
9,0.0024154589371980675
10,0.0024154589371980675
11,0.0024154589371980675
12,0.0024154589371980675
13,0.3743961352657005
14,0.3743961352657005
15,0.3743961352657005
16,0.3743961352657005
17,0.3743961352657005
18,0.3743961352657005
19,0.3743961352657005
20,0.3743961352657005
21,0.3743961352657005
22,0.3743961352657005
23,0.3743961352657005
24,0.3743961352657005
25,0.3743961352657005
26,0.3743961352657005
27,0.3743961352657005
28,0.3743961352657005
29,0.3743961352657005
30,0.3743961352657005
31,0.3743961352657005
32,0.3743961352657005
33,0.3743961352657005
34,0.3719806763285024
35,0.3719806763285024
36,0.3719806763285024
37,0.3719806763285024
38,0.3719806763285024
39,0.3719806763285024
40,0.3719806763285024
41,0.3719806763285024
42,0.3719806763285024
43,0.3719806763285024
44,0.0
45,0.0
46,0.0
47,0.0
48,0.0
49,0.0
50,0.0
51,0.0
52,0.0
53,0.0
54,0.0
55,0.0
56,0.0
57,0.0
58,0.0
59,0.0
60,0.0
61,0.0
62,0.0
63,0.0
64,0.0
65,0.0
66,0.0
67,0.0
68,0.0
69,0.0
70,0.0
71,0.0
72,0.0
73,0.0
74,0.0
75,0.0
76,0.0
77,0.0
78,0.0
79,0.0
80,0.0
81,0.0
82,0.0
83,0.0
84,0.0
85,0.0
86,0.0
87,0.0
88,0.0
89,0.0
90,0.0
91,0.0
92,0.0
93,0.0
94,0.0
95,0.0
96,0.0
97,0.0
98,0.0
99,0.0
100,0.0
101,0.0
102,0.0
103,0.0
104,0.0
105,0.0
106,0.0
107,0.0
108,0.0
109,0.0
110,0.0
111,0.0
112,0.0
113,0.0
114,0.0
115,0.0
116,0.0
117,0.0
118,0.0
119,0.0
120,0.0
121,0.0
122,0.0
123,0.0
124,0.0
125,0.0
126,0.0
127,0.0
128,0.0
129,0.0
130,0.0
131,0.0
132,0.0
133,0.0
134,0.0
135,0.0
136,0.0
137,0.0
138,0.0
139,0.0
140,0.0
141,0.0
142,0.0
143,0.0012077294685990338
144,0.0012077294685990338
145,0.0012077294685990338
146,0.0012077294685990338
147,0.0012077294685990338
148,0.0012077294685990338
149,0.0012077294685990338
150,0.0012077294685990338
151,0.0012077294685990338
152,0.0012077294685990338
153,0.0036231884057971015
154,0.0036231884057971015
155,0.0036231884057971015
156,0.0036231884057971015
157,0.0036231884057971015
158,0.0036231884057971015
159,0.0036231884057971015
160,0.0036231884057971015
161,0.0036231884057971015
162,0.0036231884057971015
163,0.0036231884057971015
164,0.0036231884057971015
165,0.0036231884057971015
166,0.0036231884057971015
167,0.0036231884057971015
168,0.008454106280193236
169,0.008454106280193236
170,0.008454106280193236
171,0.008454106280193236
172,0.008454106280193236
173,0.008454106280193236
174,0.007246376811594203
175,0.007246376811594203
176,0.007246376811594203
177,0.007246376811594203
178,0.014492753623188406
179,0.014492753623188406
180,0.014492753623188406
181,0.014492753623188406
182,0.014492753623188406
183,0.06280193236714976
184,0.06038647342995169
185,0.06038647342995169
186,0.06038647342995169
187,0.06038647342995169
188,0.06038647342995169
189,0.06038647342995169
190,0.06038647342995169
191,0.06038647342995169
192,0.06038647342995169
193,0.06038647342995169
194,0.06038647342995169
195,0.06038647342995169
196,0.06038647342995169
197,0.06038647342995169
198,0.0785024154589372
199,0.07367149758454106
200,0.07367149758454106
201,0.07367149758454106
202,0.07367149758454106
203,0.13647342995169082
204,0.13647342995169082
205,0.13647342995169082
206,0.13647342995169082
207,0.13647342995169082
208,0.21980676328502416
209,0.21256038647342995
210,0.21256038647342995
211,0.21256038647342995
212,0.21256038647342995
213,0.21256038647342995
214,0.1642512077294686
215,0.1642512077294686
216,0.1642512077294686
217,0.1642512077294686
218,0.1642512077294686
219,0.1642512077294686
220,0.1642512077294686
221,0.1642512077294686
222,0.1642512077294686
223,0.1642512077294686
224,0.1642512077294686
225,0.1642512077294686
226,0.1642512077294686
227,0.1642512077294686
228,0.1642512077294686
229,0.1461352657004831
230,0.1461352657004831
231,0.1461352657004831
232,0.1461352657004831
233,0.1461352657004831
234,0.08333333333333333
235,0.08333333333333333
236,0.08333333333333333
237,0.08333333333333333
238,0.08333333333333333
239,0.0
240,0.0
241,0.0
242,0.0
243,0.04830917874396135
244,0.04830917874396135
245,0.04830917874396135
246,0.04830917874396135
247,0.04830917874396135
248,0.4106280193236715
249,0.4106280193236715
250,0.4106280193236715
251,0.4106280193236715
252,0.4106280193236715
253,0.4323671497584541
254,0.4323671497584541
255,0.4323671497584541
256,0.4323671497584541
257,0.4323671497584541
258,0.4323671497584541
259,0.4323671497584541
260,0.4323671497584541
261,0.4323671497584541
262,0.4323671497584541
263,0.6980676328502415
264,0.6980676328502415
265,0.6980676328502415
266,0.6980676328502415
267,0.6980676328502415
268,0.8309178743961353
269,0.8309178743961353
270,0.8309178743961353
271,0.8309178743961353
272,0.8309178743961353
273,0.8309178743961353
274,0.782608695652174
275,0.782608695652174
276,0.782608695652174
277,0.782608695652174
278,0.782608695652174
279,0.42028985507246375
280,0.42028985507246375
281,0.42028985507246375
282,0.42028985507246375
283,0.42028985507246375
284,0.39855072463768115
285,0.39855072463768115
286,0.39855072463768115
287,0.39855072463768115
288,0.39855072463768115
289,0.39855072463768115
290,0.39855072463768115
291,0.39855072463768115
292,0.39855072463768115
293,0.39855072463768115
294,0.13285024154589373
295,0.13285024154589373
296,0.13285024154589373
297,0.13285024154589373
298,0.15338164251207728
299,0.020531400966183576
300,0.020531400966183576
301,0.020531400966183576
302,0.020531400966183576
303,0.1823671497584541
304,0.1823671497584541
305,0.1823671497584541
306,0.1823671497584541
307,0.1823671497584541
308,0.1823671497584541
309,0.1823671497584541
310,0.1823671497584541
311,0.1823671497584541
312,0.1823671497584541
313,0.1823671497584541
314,0.1823671497584541
315,0.1823671497584541
316,0.1823671497584541
317,0.1823671497584541
318,0.1823671497584541
319,0.1823671497584541
320,0.1823671497584541
321,0.1823671497584541
322,0.1823671497584541
323,0.1823671497584541
324,0.1823671497584541
325,0.1823671497584541
326,0.1823671497584541
327,0.1823671497584541
328,0.1823671497584541
329,0.16183574879227053
330,0.16183574879227053
331,0.16183574879227053
332,0.16183574879227053
333,0.16183574879227053
334,0.0
335,0.0
336,0.0
337,0.0
338,0.0
339,0.0
340,0.0
341,0.0
342,0.0
343,0.0
344,0.0
345,0.0
346,0.0
347,0.0
348,0.0
349,0.0
350,0.0
351,0.0
352,0.0
353,0.0
354,0.0
355,0.0
356,0.0
357,0.0
358,0.0
359,0.0
360,0.0
361,0.0
362,0.0
363,0.0
364,0.0
365,0.0
366,0.0
367,0.0
368,0.0
369,0.0
370,0.0
371,0.0
372,0.0
373,0.0
374,0.0
375,0.0
376,0.0
377,0.0
378,0.0
379,0.0
380,0.0
381,0.0
382,0.0
383,0.0
384,0.0
385,0.0
386,0.0
387,0.0
388,0.0024154589371980675
389,0.0024154589371980675
390,0.0024154589371980675
391,0.0024154589371980675
392,0.0024154589371980675
393,0.006038647342995169
394,0.006038647342995169
395,0.006038647342995169
396,0.006038647342995169
397,0.006038647342995169
398,0.006038647342995169
399,0.006038647342995169
400,0.006038647342995169
401,0.006038647342995169
402,0.006038647342995169
403,0.006038647342995169
404,0.006038647342995169
405,0.006038647342995169
406,0.006038647342995169
407,0.006038647342995169
408,0.010869565217391304
409,0.010869565217391304
410,0.010869565217391304
411,0.010869565217391304
412,0.010869565217391304
413,0.010869565217391304
414,0.010869565217391304
415,0.010869565217391304
416,0.010869565217391304
417,0.010869565217391304
418,0.0893719806763285
419,0.08695652173913043
420,0.08695652173913043
421,0.08695652173913043
422,0.08695652173913043
423,0.0966183574879227
424,0.0929951690821256
425,0.0929951690821256
426,0.0929951690821256
427,0.0929951690821256
428,0.0929951690821256
429,0.0929951690821256
430,0.0929951690821256
431,0.0929951690821256
432,0.0929951690821256
433,0.18115942028985507
434,0.18115942028985507
435,0.18115942028985507
436,0.18115942028985507
437,0.18115942028985507
438,0.18115942028985507
439,0.17632850241545894
440,0.17632850241545894
441,0.17632850241545894
442,0.17632850241545894
443,0.17632850241545894
444,0.17632850241545894
445,0.17632850241545894
446,0.17632850241545894
447,0.17632850241545894
448,0.17632850241545894
449,0.09782608695652174
450,0.09782608695652174
451,0.09782608695652174
452,0.09782608695652174
453,0.10144927536231885
454,0.09178743961352658
455,0.09178743961352658
456,0.09178743961352658
457,0.09178743961352658
458,0.14130434782608695
459,0.14130434782608695
460,0.14130434782608695
461,0.14130434782608695
462,0.14130434782608695
463,0.29589371980676327
464,0.20772946859903382
465,0.20772946859903382
466,0.20772946859903382
467,0.20772946859903382
468,0.20772946859903382
469,0.20772946859903382
470,0.20772946859903382
471,0.20772946859903382
472,0.20772946859903382
473,0.20772946859903382
474,0.20772946859903382
475,0.20772946859903382
476,0.20772946859903382
477,0.20772946859903382
478,0.20772946859903382
479,0.20772946859903382
480,0.20772946859903382
481,0.20772946859903382
482,0.20772946859903382
483,0.2572463768115942
484,0.2536231884057971
485,0.2536231884057971
486,0.2536231884057971
487,0.2536231884057971
488,0.2717391304347826
489,0.2222222222222222
490,0.2222222222222222
491,0.2222222222222222
492,0.2222222222222222
493,0.22584541062801933
494,0.07125603864734299
495,0.07125603864734299
496,0.07125603864734299
497,0.07125603864734299
498,0.07125603864734299
499,0.07125603864734299
500,0.07125603864734299
501,0.07125603864734299
502,0.07125603864734299
503,0.07125603864734299
504,0.07125603864734299
505,0.07125603864734299
506,0.07125603864734299
507,0.07125603864734299
508,0.07367149758454106
509,0.07367149758454106
510,0.07367149758454106
511,0.07367149758454106
512,0.07367149758454106
513,0.07367149758454106
514,0.024154589371980676
515,0.024154589371980676
516,0.024154589371980676
517,0.024154589371980676
518,0.024154589371980676
519,0.006038647342995169
520,0.006038647342995169
521,0.006038647342995169
522,0.006038647342995169
523,0.006038647342995169
524,0.0024154589371980675
525,0.0024154589371980675
526,0.0024154589371980675
527,0.0024154589371980675
528,0.0024154589371980675
529,0.0024154589371980675
530,0.0024154589371980675
531,0.0024154589371980675
532,0.0024154589371980675
533,0.0024154589371980675
534,0.0024154589371980675
535,0.0024154589371980675
536,0.0024154589371980675
537,0.0024154589371980675
538,0.0024154589371980675
539,0.0
540,0.0
541,0.0
542,0.0
543,0.0
544,0.0
545,0.0
546,0.0
547,0.0
548,0.0
549,0.0
550,0.0
551,0.0
552,0.0
553,0.0
554,0.0
555,0.0
556,0.0
557,0.0
558,0.0012077294685990338
559,0.0012077294685990338
560,0.0012077294685990338
561,0.0012077294685990338
562,0.0012077294685990338
563,0.0012077294685990338
564,0.0012077294685990338
565,0.0012077294685990338
566,0.0012077294685990338
567,0.0012077294685990338
568,0.0036231884057971015
569,0.0036231884057971015
570,0.0036231884057971015
571,0.0036231884057971015
572,0.0036231884057971015
573,0.016908212560386472
574,0.016908212560386472
575,0.016908212560386472
576,0.016908212560386472
577,0.016908212560386472
578,0.016908212560386472
579,0.016908212560386472
580,0.016908212560386472
581,0.016908212560386472
582,0.016908212560386472
583,0.016908212560386472
584,0.016908212560386472
585,0.016908212560386472
586,0.016908212560386472
587,0.016908212560386472
588,0.016908212560386472
589,0.01570048309178744
590,0.01570048309178744
591,0.01570048309178744
592,0.01570048309178744
593,0.01570048309178744
594,0.01570048309178744
595,0.01570048309178744
596,0.01570048309178744
597,0.01570048309178744
598,0.01570048309178744
599,0.013285024154589372
600,0.013285024154589372
601,0.013285024154589372
602,0.013285024154589372
603,0.13526570048309178
604,0.12681159420289856
605,0.12681159420289856
606,0.12681159420289856
607,0.12681159420289856
608,0.6002415458937198
609,0.6002415458937198
610,0.6002415458937198
611,0.6002415458937198
612,0.6002415458937198
613,0.7185990338164251
614,0.7185990338164251
615,0.7185990338164251
616,0.7185990338164251
617,0.7185990338164251
618,0.7185990338164251
619,0.7185990338164251
620,0.7185990338164251
621,0.7185990338164251
622,0.7185990338164251
623,0.7282608695652174
624,0.7282608695652174
625,0.7282608695652174
626,0.7282608695652174
627,0.7282608695652174
628,0.7282608695652174
629,0.7282608695652174
630,0.7282608695652174
631,0.7282608695652174
632,0.7282608695652174
633,0.7282608695652174
634,0.6014492753623188
635,0.6014492753623188
636,0.6014492753623188
637,0.6014492753623188
638,0.6014492753623188
639,0.1280193236714976
640,0.1280193236714976
641,0.1280193236714976
642,0.1280193236714976
643,0.1280193236714976
644,0.00966183574879227
645,0.00966183574879227
646,0.00966183574879227
647,0.00966183574879227
648,0.036231884057971016
649,0.036231884057971016
650,0.036231884057971016
651,0.036231884057971016
652,0.036231884057971016
653,0.19444444444444445
654,0.18478260869565216
655,0.18478260869565216
656,0.18478260869565216
657,0.18478260869565216
658,0.22946859903381642
659,0.22946859903381642
660,0.22946859903381642
661,0.22946859903381642
662,0.22946859903381642
663,0.22946859903381642
664,0.22946859903381642
665,0.22946859903381642
666,0.22946859903381642
667,0.22946859903381642
668,0.2391304347826087
669,0.2391304347826087
670,0.2391304347826087
671,0.2391304347826087
672,0.2391304347826087
673,0.2391304347826087
674,0.2391304347826087
675,0.2391304347826087
676,0.2391304347826087
677,0.2391304347826087
678,0.2391304347826087
679,0.21256038647342995
680,0.21256038647342995
681,0.21256038647342995
682,0.21256038647342995
683,0.21256038647342995
684,0.05434782608695652
685,0.05434782608695652
686,0.05434782608695652
687,0.05434782608695652
688,0.05434782608695652
689,0.00966183574879227
690,0.00966183574879227
691,0.00966183574879227
692,0.00966183574879227
693,0.00966183574879227
694,0.00966183574879227
695,0.00966183574879227
696,0.00966183574879227
697,0.00966183574879227
698,0.00966183574879227
699,0.0
700,0.0
701,0.0
702,0.0
703,0.0
704,0.0
705,0.0
706,0.0
707,0.0
708,0.0
709,0.0
710,0.0
711,0.0
712,0.0
713,0.0
714,0.0
715,0.0
716,0.0
717,0.0
718,0.0
719,0.0
720,0.0
721,0.0
722,0.0
723,0.0
724,0.0
725,0.0
726,0.0
727,0.0
728,0.0
729,0.0
730,0.0
731,0.0
732,0.0
733,0.0
734,0.0
735,0.0
736,0.0
737,0.0
738,0.0
739,0.0
740,0.0
741,0.0
742,0.0
743,0.0
744,0.0
745,0.0
746,0.0
747,0.0
748,0.0
749,0.0
750,0.0
751,0.0
752,0.0
753,0.0
754,0.0
755,0.0
756,0.0
757,0.0
758,0.0
759,0.0
760,0.0
761,0.0
762,0.0
763,0.0
764,0.0
765,0.0
766,0.0
767,0.0
768,0.0
769,0.0
770,0.0
771,0.0
772,0.0
773,0.0
774,0.0
775,0.0
776,0.0
777,0.0
778,0.0
779,0.0
780,0.0
781,0.0
782,0.0
783,0.0
784,0.0
785,0.0
786,0.0
787,0.0
788,0.0
789,0.0
790,0.0
791,0.0
792,0.0
793,0.0
794,0.0
795,0.0
796,0.0
797,0.0
798,0.0
799,0.0
800,0.0
801,0.0
802,0.0
803,0.0
804,0.0
805,0.0
806,0.0
807,0.0
808,0.0
809,0.0
810,0.0
811,0.0
812,0.0
813,0.0
814,0.0
815,0.0
816,0.0
817,0.0
818,0.0
819,0.0
820,0.0
821,0.0
822,0.0
823,0.0
824,0.0
825,0.0
826,0.0
827,0.0
828,0.0
829,0.0
830,0.0
831,0.0
832,0.0
833,0.0
834,0.0
835,0.0
836,0.0
837,0.0
838,0.0
839,0.0
840,0.0
841,0.0
842,0.0
843,0.0
844,0.0
845,0.0
846,0.0
847,0.0
848,0.0
849,0.0
850,0.0
851,0.0
852,0.0
853,0.0
854,0.0
855,0.0
856,0.0
857,0.0
858,0.0
859,0.0
860,0.0
861,0.0
862,0.0
863,0.0
864,0.0
865,0.0
866,0.0
867,0.0
868,0.0
869,0.0
870,0.0
871,0.0
872,0.0
873,0.0
874,0.0
875,0.0
876,0.0
877,0.0
878,0.0012077294685990338
879,0.0012077294685990338
880,0.0012077294685990338
881,0.0012077294685990338
882,0.0012077294685990338
883,0.0012077294685990338
884,0.0012077294685990338
885,0.0012077294685990338
886,0.0012077294685990338
887,0.0012077294685990338
888,0.010869565217391304
889,0.010869565217391304
890,0.010869565217391304
891,0.010869565217391304
892,0.010869565217391304
893,0.010869565217391304
894,0.010869565217391304
895,0.010869565217391304
896,0.010869565217391304
897,0.010869565217391304
898,0.010869565217391304
899,0.010869565217391304
900,0.010869565217391304
901,0.010869565217391304
902,0.010869565217391304
903,0.010869565217391304
904,0.010869565217391304
905,0.010869565217391304
906,0.010869565217391304
907,0.010869565217391304
908,0.010869565217391304
909,0.00966183574879227
910,0.00966183574879227
911,0.00966183574879227
912,0.00966183574879227
913,0.00966183574879227
914,0.00966183574879227
915,0.00966183574879227
916,0.00966183574879227
917,0.00966183574879227
918,0.00966183574879227
919,0.0
920,0.0
921,0.0
922,0.0
923,0.0
924,0.0
925,0.0
926,0.0
927,0.0
928,0.0
929,0.0
930,0.0
931,0.0
932,0.0
933,0.0
934,0.0
935,0.0
936,0.0
937,0.0
938,0.0
939,0.0
940,0.0
941,0.0
942,0.0
943,0.0
944,0.0
945,0.0
946,0.0
947,0.0
948,0.0
949,0.0
950,0.0
951,0.0
952,0.0
953,0.0036231884057971015
954,0.0036231884057971015
955,0.0036231884057971015
956,0.0036231884057971015
957,0.0036231884057971015
958,0.5531400966183575
959,0.5531400966183575
960,0.5531400966183575
961,0.5531400966183575
962,0.5531400966183575
963,0.5531400966183575
964,0.5531400966183575
965,0.5531400966183575
966,0.5531400966183575
967,0.5531400966183575
968,0.5531400966183575
969,0.5531400966183575
970,0.5531400966183575
971,0.5531400966183575
972,0.5531400966183575
973,0.5531400966183575
974,0.5531400966183575
975,0.5531400966183575
976,0.5531400966183575
977,0.5531400966183575
978,0.5531400966183575
979,0.5531400966183575
980,0.5531400966183575
981,0.5531400966183575
982,0.5531400966183575
983,0.5531400966183575
984,0.5495169082125604
985,0.5495169082125604
986,0.5495169082125604
987,0.5495169082125604
988,0.5495169082125604
989,0.0
990,0.0
991,0.0
992,0.0
993,0.0
994,0.0
995,0.0
996,0.0
997,0.0
998,0.0
999,0.0
1000,0.0
1001,0.0
1002,0.0
1003,0.0
1004,0.0
1005,0.0
1006,0.0
1007,0.0
1008,0.0
1009,0.0
1010,0.0
1011,0.0
1012,0.0
1013,0.0
1014,0.0
1015,0.0
1016,0.0
1017,0.0
1018,0.0
1019,0.0
1020,0.0
1021,0.0
1022,0.0
1023,0.0
1024,0.0
1025,0.0
1026,0.0
1027,0.0
1028,0.0
1029,0.0
1030,0.0
1031,0.0
1032,0.0
1033,0.0
1034,0.0
1035,0.0
1036,0.0
1037,0.0
1038,0.0
1039,0.0
1040,0.0
1041,0.0
1042,0.0
1043,0.0
1044,0.0
1045,0.0
1046,0.0
1047,0.0
1048,0.0
1049,0.0
1050,0.0
1051,0.0
1052,0.0
1053,0.0
1054,0.0
1055,0.0
1056,0.0
1057,0.0
1058,0.0
1059,0.0
1060,0.0
1061,0.0
1062,0.0
1063,0.0
1064,0.0
1065,0.0
1066,0.0
1067,0.0
1068,0.0
1069,0.0
1070,0.0
1071,0.0
1072,0.0
1073,0.0
1074,0.0
1075,0.0
1076,0.0
1077,0.0
1078,0.0
1079,0.0
1080,0.0
1081,0.0
1082,0.0
1083,0.0
1084,0.0
1085,0.0
1086,0.0
1087,0.0
1088,0.0
1089,0.0
1090,0.0
1091,0.0
1092,0.0
1093,0.0
1094,0.0
1095,0.0
1096,0.0
1097,0.0
1098,0.0
1099,0.0
1100,0.0
1101,0.0
1102,0.0
1103,0.0
1104,0.0
1105,0.0
1106,0.0
1107,0.0
1108,0.0
1109,0.0
1110,0.0
1111,0.0
1112,0.0
1113,0.0
1114,0.0
1115,0.0
1116,0.0
1117,0.0
1118,0.0
1119,0.0
1120,0.0
1121,0.0
1122,0.0
1123,0.0
1124,0.0
1125,0.0
1126,0.0
1127,0.0
1128,0.0
1129,0.0
1130,0.0
1131,0.0
1132,0.0
1133,0.0
1134,0.0
1135,0.0
1136,0.0
1137,0.0
1138,0.0
1139,0.0
1140,0.0
1141,0.0
1142,0.0
1143,0.0
1144,0.0
1145,0.0
1146,0.0
1147,0.0
1148,0.0
1149,0.0
1150,0.0
1151,0.0
1152,0.0
1153,0.0
1154,0.0
1155,0.0
1156,0.0
1157,0.0
1158,0.0
1159,0.0
1160,0.0
1161,0.0
1162,0.0
1163,0.0
1164,0.0
1165,0.0
1166,0.0
1167,0.0
1168,0.0
1169,0.0
1170,0.0
1171,0.0
1172,0.0
1173,0.0
1174,0.0
1175,0.0
1176,0.0
1177,0.0
1178,0.0
1179,0.0
1180,0.0
1181,0.0
1182,0.0
1183,0.0
1184,0.0
1185,0.0
1186,0.0
1187,0.0
1188,0.0
1189,0.0
1190,0.0
1191,0.0
1192,0.0
1193,0.0
1194,0.0
1195,0.0
1196,0.0
1197,0.0
1198,0.0
1199,0.0
1200,0.0
1201,0.0
1202,0.0
1203,0.0
1204,0.0
1205,0.0
1206,0.0
1207,0.0
1208,0.0
1209,0.0
1210,0.0
1211,0.0
1212,0.0
1213,0.0
1214,0.0
1215,0.0
1216,0.0
1217,0.0
1218,0.0
1219,0.0
1220,0.0
1221,0.0
1222,0.0
1223,0.0
1224,0.0
1225,0.0
1226,0.0
1227,0.0
1228,0.0
1229,0.0
1230,0.0
1231,0.0
1232,0.0
1233,0.0
1234,0.0
1235,0.0
1236,0.0
1237,0.0
1238,0.0
1239,0.0
1240,0.0
1241,0.0
1242,0.0
1243,0.0
1244,0.0
1245,0.0
1246,0.0
1247,0.0
1248,0.0
1249,0.0
1250,0.0
1251,0.0
1252,0.0
1253,0.007246376811594203
1254,0.007246376811594203
1255,0.007246376811594203
1256,0.007246376811594203
1257,0.007246376811594203
1258,0.34057971014492755
1259,0.34057971014492755
1260,0.34057971014492755
1261,0.34057971014492755
1262,0.34057971014492755
1263,0.4927536231884058
1264,0.4927536231884058
1265,0.4927536231884058
1266,0.4927536231884058
1267,0.4927536231884058
1268,0.4927536231884058
1269,0.4927536231884058
1270,0.4927536231884058
1271,0.4927536231884058
1272,0.4927536231884058
1273,0.4927536231884058
1274,0.4927536231884058
1275,0.4927536231884058
1276,0.4927536231884058
1277,0.4927536231884058
1278,0.4927536231884058
1279,0.4927536231884058
1280,0.4927536231884058
1281,0.4927536231884058
1282,0.4927536231884058
1283,0.4927536231884058
1284,0.4855072463768116
1285,0.4855072463768116
1286,0.4855072463768116
1287,0.4855072463768116
1288,0.4855072463768116
1289,0.15217391304347827
1290,0.15217391304347827
1291,0.15217391304347827
1292,0.15217391304347827
1293,0.15217391304347827
1294,0.0
1295,0.0
1296,0.0
1297,0.0
1298,0.0
1299,0.0
1300,0.0
1301,0.0
1302,0.0
1303,0.0
1304,0.0
1305,0.0
1306,0.0
1307,0.0
1308,0.0
1309,0.0
1310,0.0
1311,0.0
1312,0.0
1313,0.0
1314,0.0
1315,0.0
1316,0.0
1317,0.0
1318,0.0
1319,0.0
1320,0.0
1321,0.0
1322,0.0
1323,0.0
1324,0.0
1325,0.0
1326,0.0
1327,0.0
1328,0.0
1329,0.0
1330,0.0
1331,0.0
1332,0.0
1333,0.0
1334,0.0
1335,0.0
1336,0.0
1337,0.0
1338,0.0
1339,0.0
1340,0.0
1341,0.0
1342,0.0
1343,0.0
1344,0.0
1345,0.0
1346,0.0
1347,0.0
1348,0.0
1349,0.0
1350,0.0
1351,0.0
1352,0.0
1353,0.0
1354,0.0
1355,0.0
1356,0.0
1357,0.0
1358,0.0
1359,0.0
1360,0.0
1361,0.0
1362,0.0
1363,0.0
1364,0.0
1365,0.0
1366,0.0
1367,0.0
1368,0.0
1369,0.0
1370,0.0
1371,0.0
1372,0.0
1373,0.30676328502415456
1374,0.30676328502415456
1375,0.30676328502415456
1376,0.30676328502415456
1377,0.30676328502415456
1378,0.36594202898550726
1379,0.36594202898550726
1380,0.36594202898550726
1381,0.36594202898550726
1382,0.36594202898550726
1383,0.3719806763285024
1384,0.3719806763285024
1385,0.3719806763285024
1386,0.3719806763285024
1387,0.3719806763285024
1388,0.4746376811594203
1389,0.4746376811594203
1390,0.4746376811594203
1391,0.4746376811594203
1392,0.4746376811594203
1393,0.4746376811594203
1394,0.4746376811594203
1395,0.4746376811594203
1396,0.4746376811594203
1397,0.4746376811594203
1398,0.4746376811594203
1399,0.4746376811594203
1400,0.4746376811594203
1401,0.4746376811594203
1402,0.4746376811594203
1403,0.4746376811594203
1404,0.1678743961352657
1405,0.1678743961352657
1406,0.1678743961352657
1407,0.1678743961352657
1408,0.1859903381642512
1409,0.12681159420289856
1410,0.12681159420289856
1411,0.12681159420289856
1412,0.12681159420289856
1413,0.12681159420289856
1414,0.12077294685990338
1415,0.12077294685990338
1416,0.12077294685990338
1417,0.12077294685990338
1418,0.12077294685990338
1419,0.018115942028985508
1420,0.018115942028985508
1421,0.018115942028985508
1422,0.018115942028985508
1423,0.018115942028985508
1424,0.018115942028985508
1425,0.018115942028985508
1426,0.018115942028985508
1427,0.018115942028985508
1428,0.018115942028985508
1429,0.018115942028985508
1430,0.018115942028985508
1431,0.018115942028985508
1432,0.018115942028985508
1433,0.018115942028985508
1434,0.018115942028985508
1435,0.018115942028985508
1436,0.018115942028985508
1437,0.018115942028985508
1438,0.018115942028985508
1439,0.0
1440,0.0
1441,0.0
1442,0.0
1443,0.0
1444,0.0
1445,0.0
1446,0.0
1447,0.0
1448,0.0
1449,0.0
1450,0.0
1451,0.0
1452,0.0
1453,0.007246376811594203
1454,0.007246376811594203
1455,0.007246376811594203
1456,0.007246376811594203
1457,0.007246376811594203
1458,0.007246376811594203
1459,0.007246376811594203
1460,0.007246376811594203
1461,0.007246376811594203
1462,0.007246376811594203
1463,0.007246376811594203
1464,0.007246376811594203
1465,0.007246376811594203
1466,0.007246376811594203
1467,0.007246376811594203
1468,0.007246376811594203
1469,0.007246376811594203
1470,0.007246376811594203
1471,0.007246376811594203
1472,0.007246376811594203
1473,0.013285024154589372
1474,0.013285024154589372
1475,0.013285024154589372
1476,0.013285024154589372
1477,0.013285024154589372
1478,0.050724637681159424
1479,0.050724637681159424
1480,0.050724637681159424
1481,0.050724637681159424
1482,0.050724637681159424
1483,0.050724637681159424
1484,0.043478260869565216
1485,0.043478260869565216
1486,0.043478260869565216
1487,0.043478260869565216
1488,0.043478260869565216
1489,0.043478260869565216
1490,0.043478260869565216
1491,0.043478260869565216
1492,0.043478260869565216
1493,0.043478260869565216
1494,0.043478260869565216
1495,0.043478260869565216
1496,0.043478260869565216
1497,0.043478260869565216
1498,0.043478260869565216
1499,0.043478260869565216
1500,0.043478260869565216
1501,0.043478260869565216
1502,0.043478260869565216
1503,0.049516908212560384
1504,0.043478260869565216
1505,0.043478260869565216
1506,0.043478260869565216
1507,0.043478260869565216
1508,0.043478260869565216
1509,0.006038647342995169
1510,0.006038647342995169
1511,0.006038647342995169
1512,0.006038647342995169
1513,0.006038647342995169
1514,0.006038647342995169
1515,0.006038647342995169
1516,0.006038647342995169
1517,0.006038647342995169
1518,0.006038647342995169
1519,0.006038647342995169
1520,0.006038647342995169
1521,0.006038647342995169
1522,0.006038647342995169
1523,0.006038647342995169
1524,0.006038647342995169
1525,0.006038647342995169
1526,0.006038647342995169
1527,0.006038647342995169
1528,0.006038647342995169
1529,0.006038647342995169
1530,0.006038647342995169
1531,0.006038647342995169
1532,0.006038647342995169
1533,0.006038647342995169
1534,0.0
1535,0.0
1536,0.0
1537,0.0
1538,0.0
1539,0.0
1540,0.0
1541,0.0
1542,0.0
1543,0.0
1544,0.0
1545,0.0
1546,0.0
1547,0.0
1548,0.0
1549,0.0
1550,0.0
1551,0.0
1552,0.0
1553,0.0
1554,0.0
1555,0.0
1556,0.0
1557,0.0
1558,0.006038647342995169
1559,0.006038647342995169
1560,0.006038647342995169
1561,0.006038647342995169
1562,0.006038647342995169
1563,0.006038647342995169
1564,0.006038647342995169
1565,0.006038647342995169
1566,0.006038647342995169
1567,0.006038647342995169
1568,0.006038647342995169
1569,0.006038647342995169
1570,0.006038647342995169
1571,0.006038647342995169
1572,0.006038647342995169
1573,0.006038647342995169
1574,0.006038647342995169
1575,0.006038647342995169
1576,0.006038647342995169
1577,0.006038647342995169
1578,0.006038647342995169
1579,0.006038647342995169
1580,0.006038647342995169
1581,0.006038647342995169
1582,0.006038647342995169
1583,0.006038647342995169
1584,0.006038647342995169
1585,0.006038647342995169
1586,0.006038647342995169
1587,0.006038647342995169
1588,0.006038647342995169
1589,0.0
1590,0.0
1591,0.0
1592,0.0
1593,0.0
1594,0.0
1595,0.0
1596,0.0
1597,0.0
1598,0.0
1599,0.0
1600,0.0
1601,0.0
1602,0.0
1603,0.0
1604,0.0
1605,0.0
1606,0.0
1607,0.0
1608,0.0
1609,0.0
1610,0.0
1611,0.0
1612,0.0
1613,0.0
1614,0.0
1615,0.0
1616,0.0
1617,0.0
1618,0.0
1619,0.0
1620,0.0
1621,0.0
1622,0.0
1623,0.0
1624,0.0
1625,0.0
1626,0.0
1627,0.0
1628,0.0
1629,0.0
1630,0.0
1631,0.0
1632,0.0
1633,0.0
1634,0.0
1635,0.0
1636,0.0
1637,0.0
1638,0.0
1639,0.0
1640,0.0
1641,0.0
1642,0.0
1643,0.0
1644,0.0
1645,0.0
1646,0.0
1647,0.0
1648,0.21618357487922704
1649,0.21618357487922704
1650,0.21618357487922704
1651,0.21618357487922704
1652,0.21618357487922704
1653,0.2391304347826087
1654,0.2391304347826087
1655,0.2391304347826087
1656,0.2391304347826087
1657,0.2391304347826087
1658,0.2391304347826087
1659,0.2391304347826087
1660,0.2391304347826087
1661,0.2391304347826087
1662,0.2391304347826087
1663,0.2391304347826087
1664,0.2391304347826087
1665,0.2391304347826087
1666,0.2391304347826087
1667,0.2391304347826087
1668,0.2391304347826087
1669,0.2391304347826087
1670,0.2391304347826087
1671,0.2391304347826087
1672,0.2391304347826087
1673,0.2391304347826087
1674,0.2391304347826087
1675,0.2391304347826087
1676,0.2391304347826087
1677,0.2391304347826087
1678,0.2391304347826087
1679,0.022946859903381644
1680,0.022946859903381644
1681,0.022946859903381644
1682,0.022946859903381644
1683,0.022946859903381644
1684,0.0
1685,0.0
1686,0.0
1687,0.0
1688,0.0
1689,0.0
1690,0.0
1691,0.0
1692,0.0
1693,0.0
1694,0.0
1695,0.0
1696,0.0
1697,0.0
1698,0.0
1699,0.0
1700,0.0
1701,0.0
1702,0.0
1703,0.0
1704,0.0
1705,0.0
1706,0.0
1707,0.0
1708,0.0
1709,0.0
1710,0.0
1711,0.0
1712,0.0
1713,0.0
1714,0.0
1715,0.0
1716,0.0
1717,0.0
1718,0.0
1719,0.0
1720,0.0
1721,0.0
1722,0.0
1723,0.0
1724,0.0
1725,0.0
1726,0.0
1727,0.0
1728,0.0
1729,0.0
1730,0.0
1731,0.0
1732,0.0
1733,0.0
1734,0.0
1735,0.0
1736,0.0
1737,0.0
1738,0.0
1739,0.0
1740,0.0
1741,0.0
1742,0.0
1743,0.0
1744,0.0
1745,0.0
1746,0.0
1747,0.0
1748,0.0
1749,0.0
1750,0.0
1751,0.0
1752,0.0
1753,0.0
1754,0.0
1755,0.0
1756,0.0
1757,0.0
1758,0.0
1759,0.0
1760,0.0
1761,0.0
1762,0.0
1763,0.0
1764,0.0
1765,0.0
1766,0.0
1767,0.0
1768,0.0
1769,0.0
1770,0.0
1771,0.0
1772,0.0
1773,0.0
1774,0.0
1775,0.0
1776,0.0
1777,0.0
1778,0.0
1779,0.0
1780,0.0
1781,0.0
1782,0.0
1783,0.0
1784,0.0
1785,0.0
1786,0.0
1787,0.0
1788,0.0
1789,0.0
1790,0.0
1791,0.0
1792,0.0
1793,0.0
1794,0.0
1795,0.0
1796,0.0
1797,0.0
1798,0.0
1799,0.0
1800,0.0
1801,0.0
1802,0.0
1803,0.0
1804,0.0
1805,0.0
1806,0.0
1807,0.0
1808,0.0
1809,0.0
1810,0.0
1811,0.0
1812,0.0
1813,0.0
1814,0.0
1815,0.0
1816,0.0
1817,0.0
1818,0.0
1819,0.0
1820,0.0
1821,0.0
1822,0.0
1823,0.0
1824,0.0
1825,0.0
1826,0.0
1827,0.0
1828,0.0
1829,0.0
1830,0.0
1831,0.0
1832,0.0
1833,0.0
1834,0.0
1835,0.0
1836,0.0
1837,0.0
1838,0.0
1839,0.0
1840,0.0
1841,0.0
1842,0.0
1843,0.0
1844,0.0
1845,0.0
1846,0.0
1847,0.0
1848,0.0
1849,0.0
1850,0.0
1851,0.0
1852,0.0
1853,0.0
1854,0.0
1855,0.0
1856,0.0
1857,0.0
1858,0.0
1859,0.0
1860,0.0
1861,0.0
1862,0.0
1863,0.0
1864,0.0
1865,0.0
1866,0.0
1867,0.0
1868,0.0
1869,0.0
1870,0.0
1871,0.0
1872,0.0
1873,0.0
1874,0.0
1875,0.0
1876,0.0
1877,0.0
1878,0.0
1879,0.0
1880,0.0
1881,0.0
1882,0.0
1883,0.0
1884,0.0
1885,0.0
1886,0.0
1887,0.0
1888,0.0
1889,0.0
1890,0.0
1891,0.0
1892,0.0
1893,0.0
1894,0.0
1895,0.0
1896,0.0
1897,0.0
1898,0.0
1899,0.0
1900,0.0
1901,0.0
1902,0.0
1903,0.0
1904,0.0
1905,0.0
1906,0.0
1907,0.0
1908,0.0
1909,0.0
1910,0.0
1911,0.0
