seed,peak1,peak2
20261008,0.9375,0.9375
20261009,1.0,0.625
20261010,1.0,0.875
20261011,1.0,0.5078125
20261012,0.75,0.6640625
20261013,0.9609375,0.6015625
20261014,0.8203125,0.6796875
20261015,1.0,0.59375
20261016,0.9609375,0.9140625
20261017,1.0,0.859375
20261018,0.7265625,0.65625
20261019,1.0,0.6015625
20261020,0.9375,0.8203125
20261021,0.890625,0.703125
20261022,1.0,0.546875
20261023,1.0,0.96875
20261024,1.0,0.84375
20261025,0.9375,0.875
20261026,0.8125,0.625
20261027,0.8125,0.78125
20261028,0.828125,0.609375
20261029,1.0,0.5703125
20261030,0.75,0.5546875
20261031,0.5703125,0.5234375
20261032,1.0,0.75
20261033,1.0,0.8125
20261034,0.96875,0.8984375
20261035,1.0,0.625
20261036,0.5703125,0.5
20261037,1.0,0.5
20261038,1.0,0.8125
20261039,0.875,0.78125
20261040,0.96875,0.796875
20261041,0.703125,0.6796875
20261042,0.5859375,0.546875
20261043,1.0,0.8828125
20261044,1.0,0.5
20261045,0.984375,0.9140625
20261046,0.875,0.6484375
20261047,0.90625,0.5
20261048,1.0,0.703125
20261049,1.0,1.0
20261050,0.984375,0.65625
20261051,1.0,0.7890625
20261052,0.765625,0.5859375
20261053,0.84375,0.6640625
20261054,1.0,0.6796875
20261055,1.0,0.5
20261056,0.9765625,0.84375
20261057,1.0,1.0
