window,tol_yr,series,n_spec,n_hit,hit_rate
28,20,lat_mean,414,310,0.748792270531401
28,20,n_south,414,0,0.0
28,20,south_share,414,360,0.8695652173913043
28,20,joint,414,175,0.4227053140096618
283,20,lat_mean,414,278,0.6714975845410628
283,20,n_south,414,370,0.893719806763285
283,20,south_share,414,300,0.7246376811594203
283,20,joint,414,332,0.8019323671497585
448,20,lat_mean,414,49,0.11835748792270531
448,20,n_south,414,100,0.24154589371980675
448,20,south_share,414,24,0.057971014492753624
448,20,joint,414,312,0.7536231884057971
623,20,lat_mean,414,414,1.0
623,20,n_south,414,189,0.45652173913043476
623,20,south_share,414,414,1.0
623,20,joint,414,387,0.9347826086956522
1388,20,lat_mean,414,0,0.0
1388,20,n_south,414,393,0.9492753623188406
1388,20,south_share,414,7,0.016908212560386472
1388,20,joint,414,320,0.7729468599033816
